CustomerID,Phone,Email,CustomerName
1,8506456001,new_email@example.com,Booth Ellingworth
2,4616648265,kfero1@woothemes.com,Kip Fero
3,3308528143,fmarvelley2@kickstarter.com,Felix Marvelley
4,2881315504,barnefield3@gnu.org,Bridgette Arnefield
5,5681842645,kdorracott4@simplemachines.org,Katusha Dorracott
6,8437069284,hglidden5@pinterest.com,Hedi Glidden
7,8833767693,jmckeller6@hostgator.com,Janice McKeller
8,1623248684,tipgrave7@clickbank.net,Trude Ipgrave
9,7321328661,fpeatman8@mapquest.com,Florina Peatman
10,8229097827,ayarnley9@eepurl.com,Athene Yarnley
11,9073009409,ewitza@goodreads.com,Elvis Witz
12,3158091513,rcreerb@time.com,Robinette Creer
13,6659742510,cmularkeyc@thetimes.co.uk,Cassie Mularkey
14,4721701967,apatchettd@pagesperso-orange.fr,Albie Patchett
15,7425039802,lmckittericke@ft.com,Lexy McKitterick
16,6281667652,kbuessenf@virginia.edu,Knox Buessen
17,7176339301,ncroydeng@odnoklassniki.ru,Nara Croyden
18,5314373557,kbaxterh@engadget.com,Katha Baxter
19,1546351452,jphilpottsi@xing.com,Jere Philpotts
20,1649781189,gbuckthoughtj@homestead.com,Godfrey Buckthought
21,2786539609,abancroftk@nifty.com,Amaleta Bancroft
22,3281880075,bbuddlel@bbb.org,Bord Buddle
23,4019124942,adukesm@bravesites.com,August Dukes
24,8051502009,abroschekn@so-net.ne.jp,Abbi Broschek
25,8598499035,mearlando@ow.ly,Milena Earland
26,9132344034,rputtickp@marriott.com,Redford Puttick
27,8938284341,emeltetalq@hostgator.com,Ester Meltetal
28,4611966717,ividor@free.fr,Irvine Vido
29,5966848206,gmcpeeterss@domainmarket.com,Gerik McPeeters
30,5238946180,qdalgarnot@newsvine.com,Quinn Dalgarno
31,2418697454,rgermainu@umich.edu,Rebekah Germain
32,8138734468,btredwellv@dailymail.co.uk,Bobbee Tredwell
33,9604447036,rmartinolliw@yellowpages.com,Rafaellle Martinolli
34,6689734698,mcrottyx@360.cn,Morissa Crotty
35,5765739279,adallisony@etsy.com,Annaliese Dallison
36,5529805698,dbrahmz@creativecommons.org,Dickie Brahm
37,4819945400,ltegler10@bing.com,Lorene Tegler
38,2294367361,mdorsey11@xinhuanet.com,Myrtie Dorsey
39,8944720283,jlittrell12@instagram.com,Jasmin Littrell
40,3221967401,kgloves13@google.com.au,Kris Gloves
41,8281133748,fswanton14@issuu.com,Fitzgerald Swanton
42,4337831345,griddiford15@arstechnica.com,Giovanna Riddiford
43,2585856442,mhargie16@a8.net,Moshe Hargie
44,8984524998,msnazle17@joomla.org,Marv Snazle
45,4345068200,bconradsen18@hexun.com,Barby Conradsen
46,9934250605,mouldcott19@github.com,Maureene Ouldcott
47,4475481362,ssleit1a@nytimes.com,Sukey Sleit
48,5841040166,mmattocks1b@blogspot.com,Marina Mattocks
49,8011537715,ademcik1c@telegraph.co.uk,Adelheid Demcik
50,6158596791,fcregan1d@census.gov,Flossie Cregan
51,2995638732,kallchorne1e@discuz.net,Krissy Allchorne
52,8018328415,mpriestman1f@xing.com,Miof mela Priestman
53,9126977436,araincin1g@plala.or.jp,Allegra Raincin
54,4099950377,aharower1h@mayoclinic.com,Amata Harower
55,4819396109,aeyckel1i@techcrunch.com,Aloysius Eyckel
56,9455997917,rschapiro1j@myspace.com,Ricky Schapiro
57,9377075242,dgrandison1k@amazon.de,Diahann Grandison
58,1734517973,gpeever1l@myspace.com,Galina Peever
59,7275940051,wmollnar1m@booking.com,Willem Mollnar
60,8248472166,fpaulus1n@europa.eu,Fergus Paulus
61,1547194589,wmuggleton1o@mlb.com,Win Muggleton
62,8218836228,ghallatt1p@abc.net.au,Gerry Hallatt
63,3342168029,enorthleigh1q@discovery.com,Ernestine Northleigh
64,7138182244,smaccague1r@example.com,Spenser MacCague
65,4423106196,acristofanini1s@businessinsider.com,Alvira Cristofanini
66,5822949291,iknewstubb1t@vk.com,Ingar Knewstubb
67,6725009805,bgile1u@scribd.com,Bancroft Gile
68,1379610150,dauthers1v@over-blog.com,Desdemona Authers
69,4267463409,amalcolm1w@dedecms.com,Ave Malcolm
70,4486292174,hfolk1x@4shared.com,Hyacinthie Folk
71,5732519872,tcolombier1y@simplemachines.org,Tomi Colombier
72,3814101377,xarkill1z@washingtonpost.com,Xena Arkill
73,1648547858,sshrieves20@vk.com,Stanfield Shrieves
74,8143337280,jwardall21@cdc.gov,Juline Wardall
75,8033286173,lbenian22@mayoclinic.com,Lauralee Benian
76,4306108264,jtrundler23@eepurl.com,Jeni Trundler
77,4698788653,dpittson24@hao123.com,Donalt Pittson
78,6551099995,dohartigan25@altervista.org,Dorrie O'Hartigan
79,1357757287,gallday26@guardian.co.uk,Glen Allday
80,6205641069,ehowardgater27@symantec.com,Elle Howard - Gater
81,2148723196,ozmitruk28@miibeian.gov.cn,Ophelia Zmitruk
82,9526617521,lspink29@ca.gov,Leslie Spink
83,1684300031,hshillaber2a@canalblog.com,Hayden Shillaber
84,5849652453,tthebe2b@shareasale.com,Tynan Thebe
85,5573293090,jcattle2c@statcounter.com,Jerrine Cattle
86,2074340430,thavercroft2d@google.com.au,Terrill Havercroft
87,3005340813,pfilshin2e@latimes.com,Peggi Filshin
88,1954220910,kcorcut2f@google.pl,Karlotta Corcut
89,9841575512,slaister2g@squidoo.com,Stephanie Laister
90,6198539049,pplackstone2h@privacy.gov.au,Patin Plackstone
91,2146367697,mshapcott2i@sciencedaily.com,Markos Shapcott
92,6978344645,hchrystie2j@unesco.org,Husein Chrystie
93,5714800769,awapol2k@chicagotribune.com,Alexandre Wapol
94,6616077572,pgres2l@bbc.co.uk,Paige Gres
95,3044985676,wcanning2m@addtoany.com,Wallas Canning
96,4436690309,gbaish2n@spotify.com,Goldie Baish
97,7134109572,wsambidge2o@hibu.com,Wendie Sambidge
98,1421210668,vlantoph2p@wikipedia.org,Violette Lantoph
99,4234237782,wblenkin2q@t-online.de,Welbie Blenkin
100,5693649946,sdarlington2r@deliciousdays.com,Shurwood Darlington
101,6488483232,poxberry2s@cbslocal.com,Phelia Oxberry
102,3209280274,edobsons2t@buzzfeed.com,Emalee Dobsons
103,3915699339,jhorsburgh2u@amazon.co.jp,Jilli Horsburgh
104,1592671973,abasillon2v@nymag.com,Abram Basillon
105,8129647108,jallmond2w@surveymonkey.com,Jayne Allmond
106,9195984022,creggler2x@hp.com,Calli Reggler
107,2016447672,sernke2y@google.co.uk,Sophronia Ernke
108,8986160670,ccroxford2z@exblog.jp,Cherice Croxford
109,9826950987,mrappa30@dailymail.co.uk,Maximo Rappa
110,5102404849,jglencrash31@mit.edu,Jsandye Glencrash
111,8967814852,jhargreves32@opera.com,Jillayne Hargreves
112,3856921061,lgrierson33@dyndns.org,Lina Grierson
113,1954039652,cjuszkiewicz34@independent.co.uk,Clyde Juszkiewicz
114,3174332546,ythunderman35@blinklist.com,Yorker Thunderman
115,6665742257,bbackhouse36@csmonitor.com,Benton Backhouse
116,2824555171,dchichgar37@mozilla.org,Don Chichgar
117,7712635551,tscollard38@comsenz.com,Tamarah Scollard
118,1257500437,fmccroary39@bandcamp.com,Fabio McCroary
119,4214751928,ljorden3a@icq.com,Lowrance Jorden
120,9338745053,dmcmeekin3b@engadget.com,Deena Mc Meekin
121,2194619640,bchurchyard3c@clickbank.net,Berny Churchyard
122,6789587677,awhitmore3d@princeton.edu,Arni Whitmore
123,9419626671,mblodgetts3e@engadget.com,Matilde Blodgetts
124,5368402296,cbrettle3f@ow.ly,Claudelle Brettle
125,6253905580,sberthe3g@dailymail.co.uk,Sarena Berthe
126,9945708157,badamovitch3h@comcast.net,Boonie Adamovitch
127,7249704058,jrenish3i@psu.edu,Jeremias Renish
128,2761040039,lgyurko3j@ucoz.com,Lyn Gyurko
129,7279377945,aecclestone3k@nymag.com,Avivah Ecclestone
130,5562981140,fmark3l@dailymotion.com,Florina Mark
131,4068489393,airons3m@dell.com,Anatole Irons
132,7236232951,cpickervance3n@google.cn,Carmella Pickervance
133,6633010829,geales3o@webs.com,Garold Eales
134,2478378054,ekillelea3p@barnesandnoble.com,Emmanuel Killelea
135,8796178854,ldauncey3q@phoca.cz,Lisette Dauncey
136,4924101119,dslocom3r@wired.com,Dirk Slocom
137,4205450055,htibbs3s@imageshack.us,Harli Tibbs
138,4713848572,fmackerel3t@archive.org,Fran Mackerel
139,4027750425,fpail3u@comsenz.com,Frankie Pail
140,1879066538,cberkley3v@livejournal.com,Coop Berkley
141,8096328410,wriordan3w@ibm.com,Winny Riordan
142,2126768112,shovel3x@toplist.cz,Shir Hovel
143,3432357521,bpenzer3y@usatoday.com,Bronny Penzer
144,1371272119,rcowie3z@nyu.edu,Rafaela Cowie
145,5684288176,gbenton40@weibo.com,Guthrie Benton
146,1377202597,kwarboys41@wunderground.com,Korella Warboys
147,2309456497,jchyuerton42@npr.org,Jyoti Chyuerton
148,1053342034,fbradfield43@flickr.com,Frederique Bradfield
149,8943131299,iwetherby44@senate.gov,Ianthe Wetherby
150,4955505695,cmaryon45@pbs.org,Cissiee Maryon
151,8928822143,jbulfit46@reddit.com,Juliane Bulfit
152,9934894412,jhanscom47@stanford.edu,Johanna Hanscom
153,3755921232,pkrahl48@guardian.co.uk,Patsy Krahl
154,3495658155,hhubane49@constantcontact.com,Hermina Hubane
155,8303560632,gtuckwell4a@va.gov,Gary Tuckwell
156,7662799648,spurcer4b@archive.org,Simeon Purcer
157,7971603442,rtilzey4c@amazonaws.com,Ruprecht Tilzey
158,7741611753,blandre4d@sciencedaily.com,Beth Landre
159,4217964267,buzelli4e@cisco.com,Bond Uzelli
160,8697945659,tyoxen4f@nih.gov,Tess Yoxen
161,2464618821,chaine4g@ebay.co.uk,Caleb Haine
162,8733360457,cgeistbeck4h@squidoo.com,Charleen Geistbeck
163,6175886840,jbussy4i@samsung.com,Jess Bussy
164,1415058539,mlampard4j@hatena.ne.jp,Madonna Lampard
165,7044868512,bdoret4k@homestead.com,Blanche Doret
166,6463245302,frickert4l@topsy.com,Flory Rickert
167,1502457639,jthaim4m@parallels.com,Jessi Thaim
168,3823150101,scapron4n@edublogs.org,Sybille Capron
169,1903148673,bnetley4o@google.com.au,Brien Netley
170,4504423968,asebborn4p@abc.net.au,Alfonso Sebborn
171,7379137614,trighy4q@bloglovin.com,Terry Righy
172,3114715652,prallings4r@livejournal.com,Portia Rallings
173,5672030421,jbartelsellis4s@nbcnews.com,Jenica Bartels-Ellis
174,9505385575,aaronstam4t@google.nl,Allen Aronstam
175,2767161573,nboorne4u@cloudflare.com,Nathanial Boorne
176,8388771372,vbockman4v@joomla.org,Vinnie Bockman
177,2437840982,mbraim4w@globo.com,Mellisa Braim
178,2511316830,aprangnell4x@digg.com,Archambault Prangnell
179,3033856027,dshinner4y@artisteer.com,Dallis Shinner
180,8363161437,dsorrill4z@sciencedirect.com,Deck Sorrill
181,6476415323,sclewarth50@cbsnews.com,Sandor Clewarth
182,5686988251,gminghetti51@goo.ne.jp,Gerhard Minghetti
183,7533773626,tsoal52@wired.com,Tamra Soal
184,1043248729,vleindecker53@t-online.de,Valentino Leindecker
185,7455896670,pcorzon54@fema.gov,Parrnell Corzon
186,7827111789,tfontanet55@buzzfeed.com,Tatiana Fontanet
187,4054476639,jmccarthy56@ihg.com,Jerald McCarthy
188,7627104747,aflury57@bluehost.com,Ally Flury
189,6237520986,likin58@boston.com,Leila Ikin
190,8157526690,hbellham59@ebay.com,Heywood Bellham
191,9102839138,thaggidon5a@google.com.br,Trudey Haggidon
192,3052319643,kfollacaro5b@examiner.com,Kaine Follacaro
193,1696991085,bruffle5c@1und1.de,Bekki Ruffle
194,5496546174,cechelle5d@miitbeian.gov.cn,Corliss Echelle
195,1236351677,dmcpaik5e@hhs.gov,Dynah McPaik
196,2838062386,sbutterworth5f@yolasite.com,Shalom Butterworth
197,6233511192,wwelbeck5g@globo.com,Wells Welbeck
198,3636469878,bchalfain5h@amazon.co.uk,Brad Chalfain
199,5938082711,jcaras5i@fastcompany.com,Joane Caras
200,8423298594,agabbidon5j@fda.gov,Alameda Gabbidon
201,4672145337,lfermer5k@imdb.com,Lark Fermer
202,4324940316,wharbar5l@admin.ch,Wallas Harbar
203,5837990759,aastman5m@ft.com,Angelina Astman
204,4248750539,fwalewicz5n@bizjournals.com,Frederigo Walewicz
205,9099496106,psambedge5o@privacy.gov.au,Prue Sambedge
206,4174335348,ppowers5p@wikipedia.org,Petronille Powers
207,3169000458,amethley5q@phoca.cz,Aura Methley
208,1549214947,lainsworth5r@skype.com,Latrena Ainsworth
209,9718650324,hrogister5s@taobao.com,Hurley Rogister
210,3865046691,mlarkcum5t@state.tx.us,Marillin Larkcum
211,9048034874,esolomonides5u@fotki.com,Etan Solomonides
212,8651882026,hpantecost5v@businesswire.com,Harriett Pantecost
213,6132938033,anoden5w@friendfeed.com,Alley Noden
214,3198128858,olarter5x@businesswire.com,Ortensia Larter
215,9111663336,rarkil5y@123-reg.co.uk,Roldan Arkil
216,6486585961,lloynton5z@shop-pro.jp,Laure Loynton
217,7994727246,ahritzko60@adobe.com,Aldus Hritzko
218,4349437432,dlympenie61@sfgate.com,Dennie Lympenie
219,4547952225,apriddey62@yahoo.com,Arlen Priddey
220,8997407366,fpenkman63@mapquest.com,Fabe Penkman
221,9507617457,akeam64@harvard.edu,Austen Keam
222,5133071692,saynscombe65@dailymail.co.uk,Sonya Aynscombe
223,7157786164,ghawkings66@devhub.com,Grantham Hawkings
224,7045970504,kledgley67@dagondesign.com,Kalli Ledgley
225,6989085157,bzecchinelli68@reuters.com,Brunhilde Zecchinelli
226,9121422644,iobrollachain69@abc.net.au,Isabella O'Brollachain
227,5482670793,gstihl6a@jalbum.net,Gayel Stihl
228,8509101791,eatwood6b@hostgator.com,Ellis Atwood
229,4402287576,fsegrott6c@ning.com,Fanni Segrott
230,3927761311,kpotticary6d@spotify.com,Kirstin Potticary
231,8867280213,rjent6e@gravatar.com,Robinetta Jent
232,1821605168,wpeckham6f@sohu.com,Winnah Peckham
233,7137368118,lstendell6g@elpais.com,Lilian Stendell
234,8992179413,gmalkinson6h@addthis.com,Giulio Malkinson
235,3177393251,mpizey6i@linkedin.com,Margette Pizey
236,4741602108,abaumadier6j@alibaba.com,Adrienne Baumadier
237,9326301019,creolfo6k@gmpg.org,Collin Reolfo
238,2073847868,rillyes6l@dropbox.com,Rustie Illyes
239,7271505222,efern6m@cmu.edu,Erich Fern
240,3273850638,acoxall6n@prweb.com,Adelaida Coxall
241,1916979964,khanretty6o@webnode.com,Keir Hanretty
242,1937301362,dcastagnet6p@chronoengine.com,Dulci Castagnet
243,8179526092,bvernalls6q@shareasale.com,Bonnibelle Vernalls
244,7703754365,htitman6r@webs.com,Heall Titman
245,7804324940,kgrishunin6s@pcworld.com,Kylen Grishunin
246,6942150779,pwhitcombe6t@github.com,Prudence Whitcombe
247,5233896177,mstarling6u@examiner.com,Mireille Starling
248,6865776520,jedelheit6v@cbc.ca,Jolee Edelheit
249,1831335769,hyakutin6w@is.gd,Had Yakutin
250,9956518421,mpalfreeman6x@blogs.com,Moises Palfreeman
251,2493834736,nchartre6y@cnbc.com,Nickolaus Chartre
252,4033232291,lbagster6z@chron.com,Leif Bagster
253,3545281211,pgibbins70@imageshack.us,Perry Gibbins
254,7992968124,ssutcliff71@answers.com,Sollie Sutcliff
255,3592396130,cheel72@twitpic.com,Costanza Heel
256,5714878337,nalloisi73@admin.ch,Nerti Alloisi
257,2798911453,ocicchinelli74@apache.org,Orella Cicchinelli
258,4142063090,kmaber75@domainmarket.com,Kacie Maber
259,4972556983,rbrayson76@dion.ne.jp,Ruddy Brayson
260,9798730758,rlongden77@oaic.gov.au,Rose Longden
261,1976354276,eoheagertie78@army.mil,Elihu O'Heagertie
262,4294673770,naldhous79@yale.edu,Nicolis Aldhous
263,4194137198,afruen7a@ustream.tv,Antonia Fruen
264,9719456745,fyglesia7b@wsj.com,Felicio Yglesia
265,2046246735,yleggis7c@engadget.com,Yancey Leggis
266,8559979693,nkefford7d@webeden.co.uk,Nevsa Kefford
267,8684156294,adixson7e@jiathis.com,Augustine Dixson
268,8342874446,hborrell7f@google.pl,Horatia Borrell
269,2817815228,mmacoun7g@storify.com,Marsiella Macoun
270,9921173892,bozintsev7h@woothemes.com,Benoite Ozintsev
271,7144825144,kmckellen7i@163.com,Kyrstin Mc Kellen
272,6046471265,pbrenton7j@stanford.edu,Piotr Brenton
273,7445980825,slaffin7k@google.cn,Stacee Laffin
274,4877186552,lscolland7l@cornell.edu,Linus Scolland
275,2941922361,cglasscott7m@quantcast.com,Caril Glasscott
276,3815353688,ekopf7n@stumbleupon.com,Elisabetta Kopf
277,4413821890,aconnett7o@1und1.de,Ana Connett
278,3802656277,ecorneil7p@wufoo.com,Edwin Corneil
279,7303932231,kbratcher7q@1688.com,Kayle Bratcher
280,7288643025,mvizor7r@chronoengine.com,Marcelline Vizor
281,3923317958,dhefforde7s@skype.com,Dexter Hefforde
282,4965391817,slaurenceau7t@noaa.gov,Sylas Laurenceau
283,6084449864,schillingsworth7u@eepurl.com,Sunny Chillingsworth
284,3099337744,kguilloneau7v@wix.com,Kristofor Guilloneau
285,2284300285,gsnead7w@sun.com,Giacomo Snead
286,8155101551,lwigelsworth7x@chicagotribune.com,Leigha Wigelsworth
287,2307676943,njostan7y@ebay.com,Norris Jostan
288,8364399090,gnoot7z@canalblog.com,Gustave Noot
289,5334658253,hgane80@springer.com,Husain Gane
290,8311367081,bbowne81@bloglines.com,Burton Bowne
291,4176970219,cwitch82@livejournal.com,Cyndia Witch
292,8557268312,mabbitt83@latimes.com,Marinna Abbitt
293,5135853715,lstanistrete84@paginegialle.it,Laurence Stanistrete
294,9323295282,rleavens85@nifty.com,Rubi Leavens
295,3463783633,dbraundt86@census.gov,Dewie Braundt
296,9489695999,pdiemer87@bandcamp.com,Phebe Diemer
297,3701738514,njepson88@gov.uk,Nady Jepson
298,8424986889,jcharette89@mac.com,Jeddy Charette
299,6496944177,cdowzell8a@xing.com,Cull Dowzell
300,3855075149,bmowsdill8b@salon.com,Brear Mowsdill
301,1205016843,tpoll8c@walmart.com,Theadora Poll
302,5432541746,gkubat8d@accuweather.com,Genni Kubat
303,8287883447,ubury8e@latimes.com,Udale Bury
304,8369114867,lbachs8f@friendfeed.com,Letti Bachs
305,4866406097,wdavydochkin8g@omniture.com,Wilden Davydochkin
306,9485193314,mcamosso8h@samsung.com,Morris Camosso
307,6673372771,jditer8i@dedecms.com,Jesselyn Diter
308,9325317084,blangthorne8j@umich.edu,Benny Langthorne
309,1143959876,hmoller8k@yelp.com,Hana Moller
310,6395256124,ebetjes8l@shop-pro.jp,Ernestus Betjes
311,8109835799,erymour8m@boston.com,Eloise Rymour
312,5007546142,onollet8n@chicagotribune.com,Odelle Nollet
313,1392812001,alangmuir8o@irs.gov,Aaron Langmuir
314,9159827647,mbreawood8p@deliciousdays.com,Moshe Breawood
315,7986869138,rmcskeagan8q@flickr.com,Rebecca McSkeagan
316,1818644262,vgascone8r@goodreads.com,Vally Gascone
317,6017628827,gbabalola8s@bbc.co.uk,Gabie Babalola
318,5637094725,mmcmichael8t@youtu.be,Maxie McMichael
319,2352796424,afarlane8u@yahoo.co.jp,Anatole Farlane
320,9642559216,mgwyllt8v@nasa.gov,Mary Gwyllt
321,5094497862,gpampling8w@patch.com,Gawen Pampling
322,3393614215,titzcovich8x@macromedia.com,Tedman Itzcovich
323,1786914016,mallin8y@free.fr,Mandi Allin
324,6131139080,aconws8z@wikipedia.org,Ab Conws
325,5244118272,nnorvell90@timesonline.co.uk,Nathaniel Norvell
326,1443307879,jfilpi91@netvibes.com,Jeniffer Filpi
327,7414669594,hboxall92@nature.com,Heywood Boxall
328,5119736194,ptomankiewicz93@nationalgeographic.com,Paulie Tomankiewicz
329,4834302335,ngilling94@jimdo.com,Nessa Gilling
330,5139175419,sdines95@seesaa.net,Sutherlan Dines
331,7606076668,cciccoloi96@theguardian.com,Christel Ciccoloi
332,6407707611,ksherwin97@toplist.cz,Karlen Sherwin
333,1887712910,rcartmael98@wikimedia.org,Raeann Cartmael
334,8485410345,hipgrave99@java.com,Hendrick Ipgrave
335,6817597735,lspellicy9a@msn.com,Laurena Spellicy
336,1671050213,pteideman9b@technorati.com,Percy Teideman
337,9919076254,sryle9c@themeforest.net,Seumas Ryle
338,2949124176,cplayle9d@umn.edu,Ceciley Playle
339,7067396443,mtock9e@whitehouse.gov,Marillin Tock
340,7986063596,icaldwall9f@dailymotion.com,Ibrahim Caldwall
341,1694940657,jboddis9g@princeton.edu,Jaime Boddis
342,3755611316,uclows9h@buzzfeed.com,Ula Clows
343,7222777615,lclemoes9i@sphinn.com,Lorene Clemoes
344,1801346590,lpennycock9j@t-online.de,Lorilyn Pennycock
345,1142007441,ndifranceshci9k@blog.com,Nappy Di Franceshci
346,7683499184,iroff9l@nbcnews.com,Issy Roff
347,7859483430,kchrstine9m@jalbum.net,Krissy Chrstine
348,5771531056,lhurren9n@prlog.org,Laurena Hurren
349,6767474252,atoffetto9o@imgur.com,Alida Toffetto
350,7338291334,chuggill9p@a8.net,Celestyn Huggill
351,5674320785,strude9q@hp.com,Spence Trude
352,8012788307,tgosneye9r@cdbaby.com,Theodoric Gosneye
353,4967846299,rmcclarence9s@g.co,Rebeca McClarence
354,6067163245,tbrecken9t@reddit.com,Theresina Brecken
355,2325386674,rlawrenz9u@blogs.com,Reube Lawrenz
356,3701537284,byateman9v@utexas.edu,Bill Yateman
357,3862644535,hoffiler9w@mapy.cz,Harlie Offiler
358,4982218545,kpalle9x@jimdo.com,Kimball Palle
359,9808953788,hslimmon9y@java.com,Hertha Slimmon
360,6582901978,olindenblatt9z@jiathis.com,Olia Lindenblatt
361,9104612233,scorriea0@nifty.com,Sharron Corrie
362,4427484536,aclarka1@vimeo.com,Ally Clark
363,6542865954,atrewina2@gov.uk,Axe Trewin
364,1338965788,dherrievena3@fc2.com,Dianna Herrieven
365,7717056894,gmeadersa4@alibaba.com,Garold Meaders
366,9844971467,hgiuronia5@telegraph.co.uk,Hetti Giuroni
367,3648446240,mocaheya6@usgs.gov,Melinde O'Cahey
368,7478666134,ktittershilla7@fotki.com,Kayley Tittershill
369,1081872404,cforryana8@harvard.edu,Cullen Forryan
370,2071889799,nbowlinga9@hibu.com,Neville Bowling
371,7321747207,gswatheridgeaa@yellowbook.com,Gilbert Swatheridge
372,3195961396,fandreoneab@alibaba.com,Farley Andreone
373,8513526675,kanespieac@cpanel.net,Keane Anespie
374,7728450189,stomichad@diigo.com,Simon Tomich
375,4039612270,cpyottae@stanford.edu,Clair Pyott
376,1304232658,jprallaf@studiopress.com,Jessie Prall
377,5548457482,afellisag@a8.net,Allyn Fellis
378,1723347449,cchelsomah@youtu.be,Cord Chelsom
379,6905946326,dchimentiai@youtu.be,Dominica Chimenti
380,9233638891,gslavinaj@tiny.cc,Gerek Slavin
381,9772772321,mdelazenneak@weebly.com,Mildred De la Zenne
382,7469231654,mgiacomettial@msu.edu,Marcelline Giacometti
383,9187963265,schanceam@wunderground.com,Sayre Chance
384,3919165792,mpittolian@narod.ru,Maude Pittoli
385,4746981064,wrydeao@issuu.com,Wilow Ryde
386,1583223247,rginnap@vistaprint.com,Rozina Ginn
387,3332425604,stesimonaq@microsoft.com,Susie Tesimon
388,7309383365,itidboldar@usgs.gov,Ilene Tidbold
389,6482555193,dmcelreaas@usatoday.com,Daniela McElrea
390,6371764313,tcharityat@devhub.com,Tabor Charity
391,1719067701,sszymonau@instagram.com,Sena Szymon
392,8586037928,dboolsenav@nhs.uk,Darrick Boolsen
393,7187004166,vbickertonaw@naver.com,Valida Bickerton
394,2589011931,nmchargax@home.pl,Nichol Mc Harg
395,9051085599,bstokeyay@digg.com,Bernelle Stokey
396,6668227763,mmerrinaz@furl.net,Mozes Merrin
397,3734909690,ljoppichb0@uiuc.edu,Lynea Joppich
398,1419292313,dprowtingb1@ucla.edu,Dudley Prowting
399,2234881115,stolworthieb2@wired.com,Shay Tolworthie
400,8723752825,ddiggonsb3@sakura.ne.jp,Derward Diggons
401,2151448017,eofinanb4@t-online.de,Erwin O'Finan
402,5331445398,fdepperb5@aboutads.info,Ferris Depper
403,7198658007,enialb6@bluehost.com,Elisabetta Nial
404,8527170073,gpittawayb7@usnews.com,Guillema Pittaway
405,4195979626,aabateb8@amazonaws.com,Adriana Abate
406,4747159202,jattreyb9@cbsnews.com,Jessika Attrey
407,4921626580,gmordonba@nhs.uk,Georgie Mordon
408,7377735098,rgrillsbb@omniture.com,Randolf Grills
409,2369323369,fadrianellobc@home.pl,Florette Adrianello
410,3264293896,btipensbd@cafepress.com,Boy Tipens
411,4718923149,lscourgebe@joomla.org,Libbey Scourge
412,7615935747,gfishleybf@arstechnica.com,Guenevere Fishley
413,5532210436,lwaterworthbg@cocolog-nifty.com,Lorry Waterworth
414,1095417294,sbeauchampbh@taobao.com,Steve Beauchamp
415,7983538608,tsillbi@pbs.org,Tabbie Sill
416,3043622173,blaffanbj@reuters.com,Brant Laffan
417,3372387926,jhibbartbk@vinaora.com,Jarret Hibbart
418,6461416567,sgeorgievbl@tripod.com,Silvain Georgiev
419,3808122498,dsimcoxbm@booking.com,Dougy Simcox
420,5403056598,nohairebn@marketwatch.com,Noella O'Haire
421,3427036234,pboshellbo@hexun.com,Pacorro Boshell
422,7269851314,rmingardobp@unicef.org,Rebecka Mingardo
423,8625751871,jhanksbq@harvard.edu,Joceline Hanks
424,4588914351,vromandbr@1und1.de,Virgil Romand
425,4837253140,pwiddowfieldbs@latimes.com,Phaidra Widdowfield
426,7332787870,hdomesdaybt@quantcast.com,Harrie Domesday
427,3948403968,ogoodgebu@businesswire.com,Opal Goodge
428,1895735038,lbunchbv@bloomberg.com,Laney Bunch
429,6077168091,dmcbridebw@samsung.com,Donall McBride
430,5401269562,kbirtwistlebx@cnet.com,Kriste Birtwistle
431,2813639504,cdymokeby@scientificamerican.com,Cecelia Dymoke
432,5409861033,cdalmanbz@google.com,Clayborne Dalman
433,9891125225,ceidelmanc0@economist.com,Cristine Eidelman
434,4772301597,ekirklandc1@mashable.com,Enrico Kirkland
435,5733039411,alinceyc2@moonfruit.com,Anthony Lincey
436,3243444538,rmingardic3@cnet.com,Rollin Mingardi
437,9804011913,gglisanec4@squarespace.com,Gar Glisane
438,4662303343,bnorawayc5@printfriendly.com,Brig Noraway
439,7478538957,arittmeierc6@tripadvisor.com,Ann-marie Rittmeier
440,9275714228,tkearc7@ox.ac.uk,Tedra Kear
441,2322736397,rgazzardc8@webmd.com,Ranice Gazzard
442,6787357203,rdogec9@dagondesign.com,Reade Doge
443,1705656227,apatsallca@dyndns.org,Armand Patsall
444,7673678958,fwhacketcb@trellian.com,Freddi Whacket
445,7151395123,lhimpsoncc@miitbeian.gov.cn,Lodovico Himpson
446,8717957875,sprophetcd@symantec.com,Seana Prophet
447,2361521118,croadce@seesaa.net,Corilla Road
448,7264076051,dbraamcf@wikimedia.org,Dasie Braam
449,5418778204,bhannibalcg@ustream.tv,Brennan Hannibal
450,4036502027,rmcgrillch@elegantthemes.com,Randolph McGrill
451,3462831307,mpeirazzici@cam.ac.uk,Maighdiln Peirazzi
452,9656969380,cblennerhassettcj@miitbeian.gov.cn,Ced Blennerhassett
453,5198485038,fbilsonck@lycos.com,Flossie Bilson
454,3932627552,npadleycl@netscape.com,Neilla Padley
455,9562197644,sfatharlycm@webmd.com,Sergei Fatharly
456,5383612978,uepsleycn@vkontakte.ru,Ulrich Epsley
457,1577509538,sshafierco@nih.gov,Simonette Shafier
458,2792963672,dmawmancp@npr.org,Dicky Mawman
459,1259331001,rstarkeycq@cornell.edu,Rebecka Starkey
460,1939861357,etyrrellcr@google.com,Emmie Tyrrell
461,5418375084,jagercs@furl.net,Johnna Ager
462,4149694218,hettridgect@dot.gov,Heida Ettridge
463,4252887124,dreicherzcu@storify.com,Dav Reicherz
464,8345230859,jlevingecv@instagram.com,Jaquenette Levinge
465,6728397649,rhallgalleycw@cbsnews.com,Roby Hallgalley
466,1192179470,jrichtercx@themeforest.net,Junette Richter
467,8265091121,msymondscy@cam.ac.uk,Mortimer Symonds
468,6307793992,jsindencz@over-blog.com,Jourdan Sinden
469,2433518109,tashingdend0@is.gd,Tomlin Ashingden
470,5417121717,jfleetwoodd1@umich.edu,Jean Fleetwood
471,7131838915,hwalmsleyd2@businessinsider.com,Humfried Walmsley
472,3627012685,ttownendd3@xinhuanet.com,Tabby Townend
473,1594220393,djaned4@cmu.edu,Dannel Jane
474,8497937474,fgritskovd5@spiegel.de,Florian Gritskov
475,7265447676,ieadmeadd6@ocn.ne.jp,Ikey Eadmead
476,4719788105,lkellingtond7@flavors.me,Livvy Kellington
477,2045657562,gaizikovd8@nps.gov,Grace Aizikov
478,3785812857,tmartusovd9@usatoday.com,Thorin Martusov
479,2886118725,citzkovda@blogs.com,Clarinda Itzkov
480,1173763863,gumbersdb@ow.ly,Gardy Umbers
481,9438559450,khurldc@delicious.com,Ker Hurl
482,4256508065,nmacterrellydd@wufoo.com,Nance MacTerrelly
483,9431843815,vgeede@columbia.edu,Vivien Gee
484,6343468402,msteelydf@soup.io,Mendel Steely
485,9017079044,fondrusekdg@ning.com,Flem Ondrusek
486,2084823284,mruedh@forbes.com,Miltie Rue
487,6274542249,acellidi@businessinsider.com,Ashleigh Celli
488,2101529007,dbisgrovedj@slashdot.org,Davida Bisgrove
489,6892707836,econklingdk@chicagotribune.com,Emera Conkling
490,8978050460,nstubbeleydl@360.cn,Noelle Stubbeley
491,2533012238,vjanawaydm@unc.edu,Vanna Janaway
492,4731036681,hbootherdn@eepurl.com,Hashim Boother
493,1191386458,thoyesdo@phoca.cz,Tomas Hoyes
494,9959011399,rklimochkindp@yandex.ru,Ronnie Klimochkin
495,5795189435,cmarldq@msn.com,Corrie Marl
496,7217889959,ubrenstuhldr@mapquest.com,Ulysses Brenstuhl
497,1543047626,gohenecands@google.de,Griffie O'Henecan
498,2481111727,rprendivilledt@yahoo.co.jp,Richy Prendiville
499,6683096047,bgoridu@trellian.com,Basil Gori
500,8483687898,muddendv@bloomberg.com,Mathian Udden
501,6205016994,bhardwaredw@guardian.co.uk,Beatriz Hardware
502,3941211993,gkeatsdx@cornell.edu,Gertrudis Keats
503,6097115086,iskoofdy@alibaba.com,Ilysa Skoof
504,8419824853,bwaghorndz@bloglovin.com,Blanch Waghorn
505,4709307600,moseltone0@w3.org,Marcile Oselton
506,6083574414,rlinnee1@php.net,Rachael Linne
507,5713406693,achandere2@mediafire.com,Adoree Chander
508,9734417821,mkellarte3@cbslocal.com,Maye Kellart
509,2095512273,apretiouse4@dyndns.org,Amanda Pretious
510,2304391255,acrosbye5@bandcamp.com,Annadiana Crosby
511,4936403388,fkretschmere6@spotify.com,Fayette Kretschmer
512,4742310613,lveltee7@state.gov,Livy Velte
513,3568479448,cguslone8@xinhuanet.com,Christian Guslon
514,5496114464,cvangoe9@geocities.jp,Christie Vango
515,6806883687,etixierea@examiner.com,Ernesta Tixier
516,6495104067,ryoustereb@earthlink.net,Rafaellle Youster
517,9831654977,cmccrayec@stanford.edu,Cameron McCray
518,4401641360,mpietsmaed@indiegogo.com,Malchy Pietsma
519,2934469804,rellinsee@fema.gov,Roy Ellins
520,7622783904,ghanfordef@ifeng.com,Gabriele Hanford
521,2591751372,zadamieceg@mediafire.com,Zebadiah Adamiec
522,7714375678,mmewrcikeh@a8.net,Marybeth Mewrcik
523,3754472354,mmarcinkusei@ft.com,Morris Marcinkus
524,2092594263,udecourtej@cnet.com,Udell Decourt
525,4833328025,glosbieek@ted.com,Ginnifer Losbie
526,4589702954,aheynenel@blinklist.com,Analise Heynen
527,6539955455,lmoncreiffem@google.com.au,Lutero Moncreiff
528,3907069310,mgritsaeven@yahoo.co.jp,Mabel Gritsaev
529,4756870353,wrussameo@eepurl.com,Weider Russam
530,4342730853,ddubockep@cpanel.net,Denney Dubock
531,5565925719,mpietsmaeq@naver.com,Maureen Pietsma
532,7409017249,bmacpheeer@artisteer.com,Burch MacPhee
533,6905077244,aesmondees@meetup.com,Aleta Esmonde
534,8828570346,ltoveyet@dagondesign.com,Lodovico Tovey
535,7224013622,todeveyeu@rediff.com,Tymon O'Devey
536,3713593265,zpatryev@cdc.gov,Zeke Patry
537,6784737318,neckartew@ask.com,Nikos Eckart
538,1964436910,wshwennex@scribd.com,Wain Shwenn
539,2944555499,blorencey@globo.com,Brynn Lorenc
540,8064787477,tmonceyez@forbes.com,Torey Moncey
541,6961760688,acollefordf0@bluehost.com,Alice Colleford
542,4046215871,tcheelf1@accuweather.com,Tomi Cheel
543,8129676190,tboorerf2@blogger.com,Teena Boorer
544,7335625457,abramf3@constantcontact.com,Auria Bram
545,6024122122,esimoninif4@yandex.ru,Elyse Simonini
546,1959352325,mcapelenf5@sun.com,Markos Capelen
547,3284878687,jmannockf6@weebly.com,Janella Mannock
548,7435558146,ashortenf7@list-manage.com,Arman Shorten
549,2478784447,mcainef8@dailymail.co.uk,Merlina Caine
550,6163434985,klenehamf9@cisco.com,Kele Leneham
551,7806534729,jcorzonfa@yahoo.co.jp,Jaime Corzon
552,5848402046,hbreffittfb@ow.ly,Heath Breffitt
553,2348287231,afowdenfc@disqus.com,Amara Fowden
554,7587213142,lhymerfd@omniture.com,Lexis Hymer
555,2248699556,lkrugmannfe@wikia.com,Lewiss Krugmann
556,7874602197,rmuncerff@digg.com,Ragnar Muncer
557,9257864176,lionnfg@google.es,Leta Ionn
558,6442702076,nromainfh@theglobeandmail.com,Nicky Romain
559,6861834222,oeffnertfi@washingtonpost.com,Olimpia Effnert
560,7063110477,sgerwoodfj@ft.com,Sylvia Gerwood
561,4179691911,wbompasfk@shinystat.com,Wain Bompas
562,9653127152,lcracknellfl@xing.com,Libbi Cracknell
563,3279065287,hdaylyfm@oakley.com,Hillie Dayly
564,9662339130,mmacalorenfn@skype.com,Magda MacAloren
565,7819835927,lthyingfo@bbb.org,Lawton Thying
566,8515453287,bsiveyerfp@tripod.com,Barris Siveyer
567,4511917795,ddoutyfq@miibeian.gov.cn,Dougie Douty
568,4335830846,zburbidgefr@cbc.ca,Zak Burbidge
569,7097101997,dallenderfs@archive.org,Drucill Allender
570,5044138567,tbertinft@spiegel.de,Trudy Bertin
571,7043179580,afoundsfu@goo.gl,Art Founds
572,6056760534,mcushellyfv@japanpost.jp,Mychal Cushelly
573,4012474183,gchestertonfw@rediff.com,Giacobo Chesterton
574,2773566628,gcrottyfx@about.com,Gweneth Crotty
575,5461528959,zstreetonfy@flavors.me,Zak Streeton
576,8334602461,amoorhousefz@de.vu,Arlie Moorhouse
577,2848789811,nblackhurstg0@ucsd.edu,Nolie Blackhurst
578,5277992729,mgalving1@imdb.com,Marybelle Galvin
579,5897241356,lpatryg2@bing.com,Lorianne Patry
580,1069887265,enewlandg3@miibeian.gov.cn,Ethelred Newland
581,9926177046,eteatherg4@desdev.cn,Elfrida Teather
582,3137513580,dhumpherstong5@ftc.gov,Dinah Humpherston
583,9809047151,dwarrenderg6@pen.io,Denis Warrender
584,1658340723,tlightbourneg7@senate.gov,Tudor Lightbourne
585,4823493107,istonhardg8@bloglovin.com,Ilario Stonhard
586,3037524242,cfrossellg9@deliciousdays.com,Cordell Frossell
587,6128054412,pcosynsga@shareasale.com,Pegeen Cosyns
588,3609791819,wfawdriegb@jimdo.com,Walt Fawdrie
589,4794655425,hgorringgc@123-reg.co.uk,Harv Gorring
590,1653354769,cithellgd@tinyurl.com,Cheslie Ithell
591,7729567995,jgronewayge@mediafire.com,Jarvis Groneway
592,6097917858,kahrendsengf@hexun.com,Karole Ahrendsen
593,7097568487,dayerstgg@thetimes.co.uk,Daniela Ayerst
594,4767490953,whaygh@ibm.com,Willie Hay
595,3232156391,thavillgi@google.nl,Terrill Havill
596,4843814438,mpaulettogj@jimdo.com,Maddy Pauletto
597,9407709694,bfellonagk@opensource.org,Bern Fellona
598,1082495949,mamiesgl@printfriendly.com,Murial Amies
599,8013531119,jmatczakgm@flavors.me,Jaquelyn Matczak
600,6328627311,chiscoegn@gnu.org,Carmine Hiscoe
601,1506621664,acheshirego@webeden.co.uk,Arlen Cheshire
602,1509389006,dpinkstonegp@sohu.com,Daria Pinkstone
603,8956320983,acallisgq@ovh.net,Anne Callis
604,3803982822,pflottgr@hhs.gov,Peterus Flott
605,2648096952,kmaaszgs@china.com.cn,Karmen Maasz
606,1927989004,mgilligt@ebay.com,Monty Gilli
607,2746785745,amulqueengu@ustream.tv,Andeee Mulqueen
608,9505862029,tarentgv@princeton.edu,Trstram Arent
609,1217411444,mralestongw@flavors.me,Merilyn Raleston
610,1637788097,drenzullogx@desdev.cn,Dorice Renzullo
611,5529649656,nyackiminiegy@theglobeandmail.com,Nikkie Yackiminie
612,2577054022,gmathivetgz@squidoo.com,Glen Mathivet
613,1276188244,ehearsumh0@ehow.com,Eugenia Hearsum
614,2612481490,cusherwoodh1@posterous.com,Cherri Usherwood
615,2234283256,mhuieh2@google.es,Marwin Huie
616,4625032670,ldalgetyh3@xrea.com,Lorinda Dalgety
617,4357774548,rmcgiffh4@fema.gov,Rickard McGiff
618,4764473416,dyeolandh5@google.com.br,Darby Yeoland
619,7503480109,lpettieh6@fotki.com,Leonhard Pettie
620,1041301390,lfraynh7@furl.net,Leola Frayn
621,3547222421,ohebborneh8@yellowbook.com,Odey Hebborne
622,9193772979,cwhistanceh9@google.com,Caryl Whistance
623,7511391216,etalmadgeha@printfriendly.com,Erl Talmadge
624,7296989521,scacketthb@sphinn.com,Sonny Cackett
625,2259631849,drevelhc@ebay.co.uk,Doreen Revel
626,3838753413,bgolthorpphd@google.co.uk,Bern Golthorpp
627,3107543323,gfarquarsonhe@cdc.gov,Gerta Farquarson
628,1019675622,dchethamhf@cyberchimps.com,Daron Chetham
629,7774777221,lwallacehg@arstechnica.com,Lorrin Wallace
630,6572027431,klawiehh@cdbaby.com,Kaitlin Lawie
631,1938386260,ccheevershi@de.vu,Chandra Cheevers
632,6035790799,dmcffadenhj@pcworld.com,Dmitri McFfaden
633,3501962661,cjanowskihk@imdb.com,Carmon Janowski
634,1065434601,jhinstockhl@wordpress.com,Jena Hinstock
635,6586847907,jmariottehm@uiuc.edu,Jourdan Mariotte
636,4487790545,leloihn@friendfeed.com,Larisa Eloi
637,6483239751,mayliffho@comsenz.com,Molli Ayliff
638,3516122710,kcrightonhp@dion.ne.jp,Konrad Crighton
639,8453228044,mkleinthq@photobucket.com,Michele Kleint
640,5661619760,iyukhnevhr@wikispaces.com,Idalina Yukhnev
641,6078646429,bbootherhs@mediafire.com,Bone Boother
642,4862369831,mcaight@ifeng.com,Mano Caig
643,5192527372,glevickhu@printfriendly.com,Galven Levick
644,6016221889,opfertnerhv@discuz.net,Otto Pfertner
645,4501911887,clumsdonhw@alibaba.com,Conny Lumsdon
646,9025172364,csouthgatehx@discuz.net,Chiquita Southgate
647,1522920786,fbracchihy@youtube.com,Fay Bracchi
648,3876710459,msweynsonhz@symantec.com,Marten Sweynson
649,3497509586,acrumlyi0@nytimes.com,Alexi Crumly
650,6949257489,hviegasi1@xing.com,Harry Viegas
651,7189820936,lwalletti2@issuu.com,Lon Wallett
652,2556439735,adeeblei3@1688.com,Aili Deeble
653,3734264604,dmosei4@digg.com,Desiri Mose
654,2319898411,jchristofei5@nih.gov,Jane Christofe
655,2702021420,jomullani6@addthis.com,Judye O' Mullan
656,3057322243,ltogheri7@smugmug.com,Livvyy Togher
657,3075401118,bboddiei8@dell.com,Blair Boddie
658,8376006008,mpaulusi9@ed.gov,Mariele Paulus
659,8457239262,tredfearnia@nymag.com,Teirtza Redfearn
660,8911362620,bmclemonib@canalblog.com,Brewer McLemon
661,9601398190,wpollettic@prweb.com,Waite Pollett
662,6484717343,sjirickaid@wix.com,Sabra Jiricka
663,3787836379,apenkethmanie@ifeng.com,Ashlen Penkethman
664,7685555780,hjoistif@samsung.com,Helli Joist
665,4948747510,gbollardig@usatoday.com,Gardner Bollard
666,8299700836,dsummerscalesih@jigsy.com,Dermot Summerscales
667,8239122510,vvanderweedenburgii@ucla.edu,Vivianna Van Der Weedenburg
668,3843135943,ysellstromij@lulu.com,Yuri Sellstrom
669,8262066902,egilardoneik@toplist.cz,Estel Gilardone
670,6605598773,lsacchettiil@studiopress.com,Lezlie Sacchetti
671,2728485617,deringeyim@senate.gov,Dick Eringey
672,4921083900,gchaddertonin@google.com.hk,Gunter Chadderton
673,7634690334,sallchinio@about.com,Sher Allchin
674,4703094454,bburgottip@discovery.com,Berty Burgott
675,5733830780,mbrocketiq@mayoclinic.com,Maure Brocket
676,5833536568,sstonaryir@pinterest.com,Sebastiano Stonary
677,8502682232,cskeatesis@artisteer.com,Carlita Skeates
678,5156411234,jpumfreyit@nhs.uk,Jamey Pumfrey
679,4922298619,gwhorfiu@jalbum.net,Genvieve Whorf
680,7932056443,dbaurerichiv@kickstarter.com,Delmor Baurerich
681,9929155352,lantonacciiw@google.co.jp,Leta Antonacci
682,8779200637,sjirickix@dyndns.org,Sena Jirick
683,7131412049,awolleniy@disqus.com,Abra Wollen
684,4487111013,vreddlesdeniz@nyu.edu,Vaughn Reddlesden
685,9259806735,bjedrzejczykj0@163.com,Ben Jedrzejczyk
686,3226223727,mannandalej1@foxnews.com,Madlin Annandale
687,2076774210,tfikej2@google.ru,Tucky Fike
688,3633945927,dmelmothj3@chicagotribune.com,Dorothy Melmoth
689,4608191484,esowterj4@bizjournals.com,Eldon Sowter
690,4478602170,rsaddj5@alexa.com,Ray Sadd
691,9068957984,sbarberyj6@de.vu,Salomone Barbery
692,5452723452,rbroyj7@ocn.ne.jp,Renell Broy
693,7264836457,jbalmej8@furl.net,Javier Balme
694,8771245579,ouphillj9@java.com,Olag Uphill
695,7966513645,abyfordja@upenn.edu,Antons Byford
696,3581784730,tbritonjb@ox.ac.uk,Tiffy Briton
697,3949193160,hpennazzijc@github.com,Hildegarde Pennazzi
698,9359206736,cmacilraithjd@google.es,Cherilyn MacIlraith
699,6299232928,bwellandje@flavors.me,Barrie Welland
700,9189363780,jleggottjf@vkontakte.ru,Jillayne Leggott
701,8052416473,aprinnejg@aol.com,Alfred Prinne
702,1291906251,bdumbeltonjh@elpais.com,Benedicto Dumbelton
703,7479091589,cziehmsji@etsy.com,Christopher Ziehms
704,8983744136,wweldrakejj@prlog.org,Welsh Weldrake
705,3159161254,tpoundsfordjk@scribd.com,Tiler Poundsford
706,9646978740,pklehynjl@sakura.ne.jp,Park Klehyn
707,4939703970,nmacbarronjm@webnode.com,Niles MacBarron
708,3589132868,lparkynjn@vimeo.com,Lorraine Parkyn
709,4086316416,ngoochjo@pinterest.com,Nickey Gooch
710,1741039168,egalljp@drupal.org,Emalee Gall
711,3075601254,macumjq@washington.edu,Matias Acum
712,1012833286,mhightonjr@arizona.edu,Marcellina Highton
713,3119247136,mgrunbaumjs@histats.com,Mano Grunbaum
714,9159101753,cwathelljt@typepad.com,Clayson Wathell
715,6874080262,wfeighryju@smugmug.com,Waly Feighry
716,3734716328,fagastinajv@upenn.edu,Franky Agastina
717,4883093452,mheskeyjw@yellowpages.com,Merlina Heskey
718,7863453402,mholylandjx@oracle.com,Merle Holyland
719,5565278738,vwhitlandjy@ucoz.ru,Vin Whitland
720,9425771236,crojahnjz@google.ru,Casi Rojahn
721,7395161038,jbarlacek0@ted.com,Jan Barlace
722,7456733842,lperrycostk1@sitemeter.com,Ludovico Perrycost
723,5338810746,zaldwichk2@printfriendly.com,Zacherie Aldwich
724,4941296670,jalwayk3@marriott.com,Julio Alway
725,8603150989,cainsleek4@gravatar.com,Clay Ainslee
726,3186481064,afritzerk5@abc.net.au,Abdul Fritzer
727,6513328219,prolstonek6@cdc.gov,Pearle Rolstone
728,4888352306,csethk7@networksolutions.com,Cam Seth
729,9944847322,thamberstonk8@google.it,Terrye Hamberston
730,3986723105,bdewenk9@opensource.org,Bride Dewen
731,3782711415,tgerokka@mysql.com,Tallie Gerok
732,4561306199,dstarieskb@discuz.net,Dyane Staries
733,2084440316,pcockcroftkc@themeforest.net,Perren Cockcroft
734,4668812399,malveskd@macromedia.com,Marina Alves
735,6685524654,sbotgerke@issuu.com,Selie Botger
736,6146450957,arothschildkf@tripadvisor.com,Anderea Rothschild
737,3488996030,zsilbersakkg@nytimes.com,Zachary Silbersak
738,3609469222,nigglesdenkh@time.com,Normie Igglesden
739,7921250495,jperinki@php.net,Joshia Perin
740,7089336701,kkingslykj@indiegogo.com,Kory Kingsly
741,2817728016,gburgankk@cnn.com,Gill Burgan
742,8406490690,asellerskl@ca.gov,Abey Sellers
743,8245924497,nlabrenzkm@51.la,Norri Labrenz
744,6597015552,lwitheringtonkn@sina.com.cn,Lisha Witherington
745,1223238150,imellonbyko@youku.com,Ivett Mellonby
746,8291376374,msendskp@ibm.com,Modestia Sends
747,9374594957,mcopperwaitekq@spotify.com,Meredithe Copperwaite
748,5283676694,khardsonkr@bbb.org,Kirstin Hardson
749,2974265554,asealeafks@seattletimes.com,Axe Sealeaf
750,6636721010,robeirnekt@is.gd,Reece O'Beirne
751,1384420554,mwoottonku@chicagotribune.com,Matty Wootton
752,7226074817,coxbekv@msu.edu,Carma Oxbe
753,9178519277,oskuneskw@1688.com,Olia Skunes
754,9786350534,agosbykx@meetup.com,Annmarie Gosby
755,4814460790,icraigsky@list-manage.com,Ilene Craigs
756,1701879573,kolenechankz@list-manage.com,Karita O'Lenechan
757,7318455202,kdolligonl0@springer.com,Karyn Dolligon
758,3007752870,rrymerl1@pen.io,Retha Rymer
759,3508318898,tzylbermannl2@examiner.com,Teresa Zylbermann
760,1247648934,agerauldl3@google.de,Ancell Gerauld
761,2941077920,sstigglesl4@shinystat.com,Shaine Stiggles
762,6725370179,kstquintinl5@jugem.jp,Katey St. Quintin
763,6025461510,ecoadyl6@wikia.com,Elicia Coady
764,2636187521,walcidel7@deliciousdays.com,Worden Alcide
765,2751599368,cellsoml8@comcast.net,Consalve Ellsom
766,3936931908,ebadcockl9@hud.gov,Ema Badcock
767,6079343522,mdeelayla@google.ru,Magdaia Deelay
768,3288083316,earistidelb@cloudflare.com,Eulalie Aristide
769,5794231346,blarnelc@yahoo.co.jp,Billie Larne
770,7423879524,tmuldowneyld@quantcast.com,Tansy Muldowney
771,5567067049,dbowlesle@networksolutions.com,Derrek Bowles
772,9445969732,tjohneslf@phpbb.com,Tansy Johnes
773,6293422596,mlunnylg@furl.net,Miran Lunny
774,8633554177,fcazelh@statcounter.com,Farr Caze
775,1133758587,mcomelinili@statcounter.com,Myrna Comelini
776,1541734696,jparysiaklj@blinklist.com,Johna Parysiak
777,7219720418,mwellbanklk@about.com,Matt Wellbank
778,7299439921,kiskowitzll@github.com,Kala Iskowitz
779,9637967548,ublythinglm@who.int,Ulrika Blything
780,3041612508,cforesln@blogger.com,Cordie Fores
781,1813480423,emccloidlo@biglobe.ne.jp,Emelen McCloid
782,2652474356,rsexlp@independent.co.uk,Rosa Sex
783,9149032700,tbrongerlq@list-manage.com,Tricia Bronger
784,8823041594,sgyurkolr@flickr.com,Sande Gyurko
785,9721395815,tdemanuelels@weather.com,Tucky D'Emanuele
786,3747043825,dkearnlt@nifty.com,Doralyn Kearn
787,7639889756,dfilipponilu@exblog.jp,Dorris Filipponi
788,3379926813,lmorphetlv@ow.ly,Lauritz Morphet
789,7892353529,bbrandenberglw@diigo.com,Blair Brandenberg
790,3001108968,rdechellelx@amazon.de,Rudiger Dechelle
791,6099387186,lleadsly@yale.edu,Leola Leads
792,2989104446,hdoswelllz@oaic.gov.au,Hobart Doswell
793,6359274329,rarstingallm0@hc360.com,Ramsay Arstingall
794,6329273937,nbettensonm1@home.pl,Nedda Bettenson
795,5176059020,glesaunierm2@eepurl.com,Gregg Lesaunier
796,4149475397,bmcwhinniem3@ustream.tv,Broddy Mcwhinnie
797,2964205678,vcollinwoodm4@bravesites.com,Valentine Collinwood
798,2785531332,vfarndalem5@about.com,Valma Farndale
799,9788926018,croebottomm6@senate.gov,Chilton Roebottom
800,3639318516,fpenasm7@people.com.cn,Feliks Penas
801,6074853281,jfancem8@oaic.gov.au,Jane Fance
802,8447615704,zmowlem9@xing.com,Zorah Mowle
803,3277297451,rcustyma@amazonaws.com,Rose Custy
804,7986258265,demanuelemb@npr.org,Devy Emanuele
805,8119507343,cterbeekmc@webs.com,Carmelita Terbeek
806,4406348309,jmarmyonmd@samsung.com,Jaquenette Marmyon
807,6914455235,kfitzsimonme@issuu.com,Karena Fitzsimon
808,4935747489,crebanksmf@disqus.com,Carly Rebanks
809,3467788782,cvaudremg@arizona.edu,Cristiano Vaudre
810,7932430212,mmickleburghmh@theglobeandmail.com,Madelle Mickleburgh
811,5869364832,bmcmickanmi@guardian.co.uk,Banky McMickan
812,9713452755,efewlassmj@bravesites.com,Emilio Fewlass
813,1486539370,ttrunbymk@theguardian.com,Tessi Trunby
814,9383713227,aodowdml@ifeng.com,Arlyne O'Dowd
815,3328832592,dcassellsmm@google.com.br,Drusi Cassells
816,7417274255,onoseworthymn@skype.com,Onida Noseworthy
817,8098965736,frobbertsmo@earthlink.net,Franciskus Robberts
818,5202388644,twincommp@themeforest.net,Tobye Wincom
819,6671802066,rfeversmq@ibm.com,Rab Fevers
820,1016635422,sfaldomr@hugedomains.com,Sybila Faldo
821,5874695521,jroyms@reuters.com,Jany Roy
822,3339984908,fellesworthemt@dmoz.org,Frederique Ellesworthe
823,3932203786,gfeekmu@prlog.org,Garvey Feek
824,7164861921,bhazeldenmv@is.gd,Berke Hazelden
825,3382876783,lpowermw@com.com,Loydie Power
826,8114704561,bswanniemx@so-net.ne.jp,Bryana Swannie
827,2675938850,dwherritmy@miitbeian.gov.cn,Daile Wherrit
828,7207823409,bheindrichmz@cisco.com,Bendix Heindrich
829,6904130382,gdobbsn0@flavors.me,Griffie Dobbs
830,3451845426,btousyn1@unesco.org,Brooks Tousy
831,7109948427,rconersn2@youtu.be,Rodrique Coners
832,8145241994,klaversn3@nytimes.com,Killian Lavers
833,6259564630,fzarfatin4@technorati.com,Franciska Zarfati
834,2832957399,elafondn5@discovery.com,Erhard Lafond
835,4052965028,dpuddicomben6@ow.ly,Dierdre Puddicombe
836,5022758551,owestmann7@scientificamerican.com,Oren Westman
837,9267147226,lsaltersn8@rambler.ru,Lydia Salters
838,3685996748,lrultonn9@tmall.com,Leonanie Rulton
839,6738471286,craratyna@weibo.com,Cathi Raraty
840,3741532979,dtrenemannb@whitehouse.gov,Dania Treneman
841,6602701728,lconewnc@google.fr,Lois Conew
842,9255076297,walansnd@nhs.uk,Wenonah Alans
843,2664112219,tdurrandne@auda.org.au,Timothee Durrand
844,1739662532,ccavillenf@twitter.com,Clarice Caville
845,8109633359,crolstoneng@sakura.ne.jp,Claybourne Rolstone
846,8612577452,ealleburtonnh@ibm.com,Em Alleburton
847,3123587820,mboytonni@amazon.de,Myrle Boyton
848,3213500312,mlegisternj@php.net,Monti Legister
849,2426273110,lfrielnk@amazon.de,Lorita Friel
850,8083293191,srodgiernl@naver.com,Shaylah Rodgier
851,7704233477,sferenm@tumblr.com,Simonne Fere
852,7735327809,kheimannnn@theglobeandmail.com,Kennan Heimann
853,8018767887,nbercevelono@unesco.org,Nataniel Bercevelo
854,1547353754,pboyingtonnp@live.com,Patrizio Boyington
855,7707243640,aturveynq@fda.gov,Aimee Turvey
856,6394149230,gtripettnr@devhub.com,Graehme Tripett
857,3074078391,cflowerns@cbc.ca,Chelsie Flower
858,6082361488,mspringnt@google.com.hk,Michaeline Spring
859,6407179299,amolineauxnu@tinyurl.com,Ameline Molineaux
860,6686303934,bbruntjenv@loc.gov,Barri Bruntje
861,2474466452,bboswoodnw@psu.edu,Bernardina Boswood
862,5457239256,vslocombenx@merriam-webster.com,Verine Slocombe
863,5376388190,jnafzigerny@pcworld.com,Jarib Nafziger
864,9713544640,nsuttlenz@nature.com,Nelie Suttle
865,7431942130,grushburyo0@delicious.com,Ginger Rushbury
866,6878736401,esennetto1@google.ca,Elmira Sennett
867,3913930789,mbowdeno2@skype.com,Margette Bowden
868,8417663947,bfieldo3@sina.com.cn,Byrann Field
869,3933746809,aisakssono4@businessinsider.com,Anabella Isaksson
870,2193587092,nwincero5@jimdo.com,Nathanil Wincer
871,3158625760,pmacfadzano6@hatena.ne.jp,Pembroke MacFadzan
872,8279981264,bdoolyo7@nih.gov,Bernardina Dooly
873,5343708007,ccescottio8@weather.com,Christophorus Cescotti
874,6631990679,torrino9@cloudflare.com,Tiphani Orrin
875,6517110712,hronchioa@last.fm,Hardy Ronchi
876,7115291361,gtateob@google.it,Gabriellia Tate
877,6809016280,icronkoc@bbc.co.uk,Irina Cronk
878,8287911959,vwestleyod@skype.com,Valentia Westley
879,6472812798,cnodesoe@disqus.com,Chery Nodes
880,4253197477,gsmithermanof@nyu.edu,Garfield Smitherman
881,4274516335,egallymoreog@a8.net,Emerson Gallymore
882,9627817463,dstlouisoh@mtv.com,Daniele St Louis
883,1505070240,otemplemanoi@go.com,Onfre Templeman
884,8704975718,hewinoj@angelfire.com,Hildagard Ewin
885,1501299051,eroubeixok@walmart.com,Elwin Roubeix
886,3698864710,spiersol@rediff.com,Sherry Piers
887,8069020470,hbridgstockom@hatena.ne.jp,Helen Bridgstock
888,7074687211,chuxhamon@examiner.com,Constancy Huxham
889,4191304551,eclellandoo@elpais.com,Elwira Clelland
890,7939873448,vkyddeop@oakley.com,Vivianne Kydde
891,8327484714,mfairfoulloq@wikispaces.com,Mollee Fairfoull
892,9383656405,dtrenholmor@baidu.com,Donna Trenholm
893,9838883857,ypearlos@yelp.com,Yale Pearl
894,5666011205,gandriveauxot@reference.com,Gladys Andriveaux
895,1765554794,drobillardou@mozilla.org,Dore Robillard
896,8244092794,pclinganov@smh.com.au,Peri Clingan
897,1735831296,cdetocquevilleow@google.ca,Claiborne de Tocqueville
898,4174457650,cduligallox@unc.edu,Crawford Duligall
899,1817566098,fhernikoy@state.tx.us,Franny Hernik
900,8679954195,kcarahoz@nasa.gov,Kittie Carah
901,1111058720,jroutp0@adobe.com,Jefferey Rout
902,8914627439,afolcarellip1@marriott.com,Antin Folcarelli
903,2317663630,kfenlonp2@nasa.gov,Kipp Fenlon
904,1217076817,mhovertp3@privacy.gov.au,Marielle Hovert
905,9502398514,hbuxcyp4@cisco.com,Hasheem Buxcy
906,9806790132,kkrugp5@cyberchimps.com,Karna Krug
907,7778476645,rspendleyp6@seattletimes.com,Ruthy Spendley
908,6887245280,mbackenp7@ow.ly,Maison Backen
909,7059736333,ipowderhamp8@utexas.edu,Ilysa Powderham
910,9525175146,cpetfordp9@unicef.org,Corie Petford
911,8783745529,viverspa@unesco.org,Violet Ivers
912,2201551651,bshowlpb@spotify.com,Bobby Showl
913,3086849882,rhellierpc@ameblo.jp,Ronna Hellier
914,7827828745,chuntarpd@cnn.com,Callida Huntar
915,1741481046,hximenezpe@bing.com,Helena Ximenez
916,8459237606,kstopherpf@simplemachines.org,Katey Stopher
917,1569493613,pmozzettipg@gov.uk,Pavla Mozzetti
918,7949500971,kmilingtonph@phoca.cz,Kasper Milington
919,1653153442,shurdmanpi@sciencedirect.com,Sheri Hurdman
920,2132797842,cschefflerpj@google.es,Corbin Scheffler
921,5719035087,mskippenpk@over-blog.com,Mercy Skippen
922,3088156520,kblockleypl@about.com,Kata Blockley
923,4664054975,mnewtonpm@wikispaces.com,Micheal Newton
924,4945474468,mkaynepn@nyu.edu,Marleah Kayne
925,8087517453,cwodhampo@parallels.com,Casie Wodham
926,9551607744,msharrockspp@uol.com.br,Meghann Sharrocks
927,7161396419,ntoshpq@bravesites.com,Natka Tosh
928,2458365618,bshewanpr@360.cn,Broderic Shewan
929,6454257101,dbantingps@scientificamerican.com,Don Banting
930,1154709270,jchipperfieldpt@chicagotribune.com,Judith Chipperfield
931,7469679472,grubicapu@163.com,Ginnie Rubica
932,3052168735,bbrabynpv@hugedomains.com,Basia Brabyn
933,9429701681,vszwarcpw@about.com,Valeda Szwarc
934,3144766688,arumfordpx@vkontakte.ru,Alane Rumford
935,2878346820,sgrealypy@nsw.gov.au,Sal Grealy
936,3024773573,ahutcheonspz@trellian.com,Ashton Hutcheons
937,2088218887,lsimoesq0@disqus.com,Lon Simoes
938,6828453855,bdesaveryq1@cnet.com,Berkly de Savery
939,9487915826,gkemwalq2@si.edu,Giff Kemwal
940,5638239318,kmarianq3@moonfruit.com,Kristy Marian
941,6011585699,akelbermanq4@purevolume.com,Ashia Kelberman
942,5282894808,gjersonq5@qq.com,Giustina Jerson
943,2007489741,aarmatageq6@google.fr,Ava Armatage
944,9804260957,eandreaccioq7@usa.gov,Eyde Andreaccio
945,3198646204,coertzenq8@independent.co.uk,Chloe Oertzen
946,7097360434,afrereq9@prweb.com,Ashlie Frere
947,1245416438,pjillissqa@prlog.org,Percy Jilliss
948,2438916315,amorysonqb@fema.gov,Antonietta Moryson
949,8858190831,gstutherqc@biglobe.ne.jp,Gnni Stuther
950,6692023209,fhalyqd@linkedin.com,Felicle Haly
951,4834861994,aguilfoyleqe@netvibes.com,Aleda Guilfoyle
952,3496018458,mwykesqf@creativecommons.org,Marci Wykes
953,5782376914,cgurneeqg@google.ca,Cello Gurnee
954,3579123106,golinqh@eventbrite.com,Guenna Olin
955,7246623080,tgarretsonqi@netlog.com,Tiena Garretson
956,3471355180,rabrahimqj@nasa.gov,Reamonn Abrahim
957,1135909453,bcaldwallqk@ow.ly,Brett Caldwall
958,4082716904,oravenscroftql@imageshack.us,Osborn Ravenscroft
959,9593029414,gloudianqm@networkadvertising.org,Galina Loudian
960,1873004069,dchealesqn@trellian.com,Dillie Cheales
961,8193893030,gwalasikqo@amazon.de,Gwyn Walasik
962,2147489541,kbabstqp@geocities.com,Kristoforo Babst
963,1971017475,mworgenqq@ebay.com,Mabel Worgen
964,9952493133,trubanenkoqr@technorati.com,Tracee Rubanenko
965,6808186735,etorrieqs@canalblog.com,Edythe Torrie
966,5072510717,civanichevqt@taobao.com,Corabel Ivanichev
967,8299945607,vhuncootqu@economist.com,Vivian Huncoot
968,5719882954,ndigbyqv@java.com,Nance Digby
969,9472192389,hflintoffeqw@pcworld.com,Hildegarde Flintoffe
970,3864955590,rlazonbyqx@barnesandnoble.com,Ransell Lazonby
971,9109832035,vjerromeqy@quantcast.com,Vanni Jerrome
972,8543727922,rvenartqz@acquirethisname.com,Raquel Venart
973,1144963778,gtinnerr0@tmall.com,Genna Tinner
974,9036070288,dgenthnerr1@theguardian.com,Ddene Genthner
975,6819893876,ecawstonr2@privacy.gov.au,Errol Cawston
976,7575617014,mtoplinr3@mlb.com,Merill Toplin
977,4065234578,aparamorr4@multiply.com,Ardene Paramor
978,7652482611,mfeaveerr5@theguardian.com,Morgan Feaveer
979,9183936680,orydingsr6@dailymail.co.uk,Obadiah Rydings
980,9846842061,zcooringtonr7@mapy.cz,Zolly Coorington
981,8303543972,kjennaroyr8@facebook.com,Kiley Jennaroy
982,1499830424,acosfordr9@mtv.com,Aimee Cosford
983,8015469723,athorouggoodra@parallels.com,Adela Thorouggood
984,7674697533,hhockeyrb@wikipedia.org,Helge Hockey
985,3919516131,spenhallrc@privacy.gov.au,Shelley Penhall
986,4409221969,vwarrellrd@netscape.com,Valina Warrell
987,5259496367,cscollardre@newsvine.com,Corbie Scollard
988,2595825212,lsattefordrf@vistaprint.com,Lois Satteford
989,5788385236,mveazeyrg@goodreads.com,Mitchel Veazey
990,8594262524,bkneeshawrh@mail.ru,Bernetta Kneeshaw
991,9766022578,cmawtusri@typepad.com,Chrisse Mawtus
992,1116917551,hcordenrj@t-online.de,Hildegarde Corden
993,5622599294,ncanavanrk@stumbleupon.com,Nelia Canavan
994,7862626421,jjezzardrl@bbb.org,Jefferson Jezzard
995,9168032293,bmapplethorperm@bigcartel.com,Benita Mapplethorpe
996,1861637896,aryvesrn@sourceforge.net,Angelique Ryves
997,1395195837,tlabanro@google.com.hk,Tuck Laban
998,1246696356,btiemanrp@ebay.co.uk,Bailey Tieman
999,9633181317,habbadorq@opera.com,Helene Abbado
1000,6089709114,czinirr@omniture.com,Corby Zini
